{"cameraMode":{"drawMode":0,"name":"Shaded","section":"Shading Mode"},"sceneLighting":false,"audioPlay":false,"sceneViewState":{"m_AlwaysRefresh":false,"showFog":true,"showSkybox":false,"showFlares":true,"showImageEffects":true,"showParticleSystems":true,"showVisualEffectGraphs":true,"m_FxEnabled":true},"in2DMode":false,"pivot":{"x":-256.16497802734377,"y":202.09469604492188,"z":75.18881225585938},"rotation":{"x":-0.06559830904006958,"y":0.5876836776733398,"z":-0.047892872244119647,"w":-0.8050144910812378},"size":212.51637268066407,"orthographic":false}